{"cameraMode":{"drawMode":0,"name":"Shaded","section":"Shading Mode"},"sceneLighting":false,"audioPlay":false,"sceneViewState":{"m_AlwaysRefresh":false,"showFog":true,"showSkybox":false,"showFlares":true,"showImageEffects":true,"showParticleSystems":true,"showVisualEffectGraphs":true,"m_FxEnabled":true},"in2DMode":false,"pivot":{"x":0.00000476837158203125,"y":5.964988708496094,"z":-0.48581695556640627},"rotation":{"x":-0.21300645172595979,"y":-0.03751196712255478,"z":0.008181657642126084,"w":-0.9763081073760986},"size":39.853965759277347,"orthographic":false}