{"cameraMode":{"drawMode":0,"name":"Shaded","section":"Shading Mode"},"sceneLighting":false,"audioPlay":false,"sceneViewState":{"m_AlwaysRefresh":false,"showFog":true,"showSkybox":false,"showFlares":true,"showImageEffects":true,"showParticleSystems":true,"showVisualEffectGraphs":true,"m_FxEnabled":true},"in2DMode":false,"pivot":{"x":0.14312726259231568,"y":-0.05420321226119995,"z":0.04575812816619873},"rotation":{"x":0.25463825464248659,"y":0.7320361137390137,"z":-0.3579658567905426,"w":0.5207324028015137},"size":1.5314637422561646,"orthographic":false}