{"cameraMode":{"drawMode":0,"name":"Shaded","section":"Shading Mode"},"sceneLighting":false,"audioPlay":false,"sceneViewState":{"m_AlwaysRefresh":false,"showFog":true,"showSkybox":false,"showFlares":true,"showImageEffects":true,"showParticleSystems":true,"showVisualEffectGraphs":true,"m_FxEnabled":true},"in2DMode":false,"pivot":{"x":0.28067517280578616,"y":1.1654086112976075,"z":1.0534311532974244},"rotation":{"x":0.1532045602798462,"y":0.8089684247970581,"z":-0.2412368655204773,"w":0.5137428641319275},"size":1.9352563619613648,"orthographic":false}